Points;x;y;z
01_02_P1200;1007.521;1979.07;99.322
01_02_P1199;1007.38;1979.847;99.4
01_02_P1198;1007.262;1980.491;99.453
01_02_P1197;1007.106;1981.305;99.505
01_02_P1196;1006.972;1982.001;99.54
01_02_P1195;1006.732;1982.412;99.697
01_02_P1194;1006.843;1981.834;99.672
01_02_P1193;1006.96;1981.219;99.638
01_02_P1192;1007.151;1980.217;99.563
01_02_P1191;1007.28;1979.546;99.505
01_02_P1190;1006.984;1980.032;99.736
01_02_P1189;1006.855;1980.724;99.793
01_02_P1188;1006.716;1981.46;99.844
01_02_P1187;1006.562;1982.269;99.884
01_02_P1186;1006.449;1982.852;99.904
01_02_P1185;1006.171;1983.332;100.097
01_02_P1184;1006.297;1982.681;100.076
01_02_P1183;1006.411;1982.09;100.05
01_02_P1182;1006.578;1981.218;99.998
01_02_P1181;1006.71;1980.527;99.95
01_02_P1180;1005.932;1980.262;99.966
01_02_P1179;1005.831;1981.19;100.031
01_02_P1178;1005.761;1981.831;100.066
01_02_P1177;1005.676;1982.598;100.095
01_02_P1176;1005.616;1983.12;100.108
01_02_P1175;1005.844;1982.619;99.914
01_02_P1174;1005.909;1982.03;99.892
01_02_P1173;1005.978;1981.382;99.861
01_02_P1172;1006.077;1980.45;99.8
01_02_P1171;1006.146;1979.809;99.752
01_02_P1170;1006.34;1979.424;99.596
01_02_P1169;1006.265;1980.117;99.655
01_02_P1168;1006.188;1980.829;99.704
01_02_P1167;1006.127;1981.399;99.735
01_02_P1166;1006.032;1982.246;99.767
01_02_P1165;1006.255;1981.746;99.6
01_02_P1164;1006.322;1981.105;99.58
01_02_P1163;1006.374;1980.613;99.564
01_02_P1162;1006.457;1979.768;99.507
01_02_P1161;1006.553;1978.836;99.363
01_02_P1160;1005.946;1978.598;99.387
01_02_P1159;1005.861;1979.379;99.459
01_02_P1158;1005.79;1980.046;99.51
01_02_P1157;1005.704;1980.833;99.557
01_02_P1156;1005.627;1981.52;99.587
01_02_P1155;1005.481;1981.955;99.74
01_02_P1154;1005.544;1981.38;99.717
01_02_P1153;1005.618;1980.696;99.681
01_02_P1152;1005.716;1979.798;99.618
01_02_P1151;1005.803;1979.002;99.552
01_02_P1150;1005.637;1979.498;99.764
01_02_P1149;1005.546;1980.348;99.83
01_02_P1148;1005.473;1981.024;99.873
01_02_P1147;1005.39;1981.784;99.909
01_02_P1146;1005.315;1982.452;99.931
01_02_P1145;1005.143;1982.98;100.121
01_02_P1144;1005.227;1982.238;100.098
01_02_P1143;1005.3;1981.575;100.069
01_02_P1142;1005.385;1980.816;100.026
01_02_P1141;1005.473;1980.019;99.972
01_02_P1140;1004.285;1979.833;99.998
01_02_P1139;1004.282;1980.579;100.05
01_02_P1138;1004.279;1981.296;100.09
01_02_P1137;1004.274;1982.142;100.124
01_02_P1136;1004.268;1982.793;100.14
01_02_P1135;1004.36;1982.251;99.95
01_02_P1134;1004.362;1981.788;99.935
01_02_P1133;1004.365;1981.101;99.905
01_02_P1132;1004.369;1980.193;99.852
01_02_P1131;1004.373;1979.348;99.792
01_02_P1130;1004.462;1978.899;99.623
01_02_P1129;1004.461;1979.456;99.67
01_02_P1128;1004.457;1980.236;99.724
01_02_P1127;1004.453;1981.106;99.77
01_02_P1126;1004.448;1981.827;99.795
01_02_P1125;1004.55;1981.175;99.598
01_02_P1124;1004.688;1980.44;99.575
01_02_P1123;1005;1979.915;99.548
01_02_P1122;1005.124;1978.998;99.491
01_02_P1121;1005.217;1978.321;99.445
01_02_P1120;1005.058;1979.079;99.481
01_02_P1119;1005.037;1979.163;99.492
01_02_P1118;1004.873;1979.844;99.535
01_02_P1117;1004.682;1980.637;99.57
01_02_P1116;1004.544;1981.209;99.586
01_02_P1115;1004.564;1981.751;99.764
01_02_P1114;1004.728;1981.07;99.747
01_02_P1113;1004.9;1980.343;99.715
01_02_P1112;1005.099;1979.513;99.663
01_02_P1111;1005.241;1978.922;99.622
01_02_P1110;1005.19;1979.473;99.854
01_02_P1109;1005.019;1980.193;99.902
01_02_P1108;1004.874;1980.8;99.933
01_02_P1107;1004.681;1981.62;99.96
01_02_P1106;1004.518;1982.301;99.971
01_02_P1105;1004.475;1982.92;100.18
01_02_P1104;1004.62;1982.307;100.172
01_02_P1103;1004.795;1981.561;100.152
01_02_P1102;1004.959;1980.867;100.123
01_02_P1101;1005.153;1980.048;100.081
01_02_P1100;1004.043;1979.923;100.103
01_02_P1099;1003.983;1980.449;100.133
01_02_P1098;1003.913;1981.066;100.161
01_02_P1097;1003.798;1982.08;100.188
01_02_P1096;1003.708;1982.864;100.194
01_02_P1095;1003.686;1982.308;100.006
01_02_P1094;1003.741;1981.827;99.998
01_02_P1093;1003.825;1981.081;99.979
01_02_P1092;1003.929;1980.168;99.94
01_02_P1091;1004.019;1979.386;99.897
01_02_P1090;1004.013;1978.958;99.733
01_02_P1089;1003.953;1979.465;99.768
01_02_P1088;1003.872;1980.175;99.809
01_02_P1087;1003.756;1981.189;99.846
01_02_P1086;1003.677;1981.893;99.905
01_02_P1085;1003.647;1981.237;99.675
01_02_P1084;1003.706;1980.727;99.672
01_02_P1083;1003.788;1980.008;99.658
01_02_P1082;1003.875;1979.249;99.63
01_02_P1081;1003.965;1978.479;99.597
01_02_P1080;1000.89;1979.252;99.494
01_02_P1079;1000.907;1979.301;99.501
01_02_P1078;1001.108;1979.856;99.544
01_02_P1077;1001.377;1980.605;99.589
01_02_P1076;1001.657;1981.391;99.619
01_02_P1075;1001.748;1981.848;99.79
01_02_P1074;1001.531;1981.241;99.775
01_02_P1073;1001.608;1980.737;99.755
01_02_P1072;1001.394;1979.961;99.713
01_02_P1071;1001.137;1979.02;99.652
01_02_P1070;1003.194;1979.488;99.867
01_02_P1069;1002.557;1980.027;99.918
01_02_P1068;1002.578;1980.862;99.96
01_02_P1067;1002.597;1981.596;99.985
01_02_P1066;1002.613;1982.323;99.998
01_02_P1065;1002.723;1982.866;100.181
01_02_P1064;1002.711;1982.362;100.175
01_02_P1063;1002.698;1981.804;100.165
01_02_P1062;1002.675;1980.931;100.129
01_02_P1061;1002.651;1979.953;100.08
01_02_P1060;1001.884;1980.057;100.092
01_02_P1059;1001.938;1980.554;100.123
01_02_P1058;1002.026;1981.361;100.16
01_02_P1057;1002.123;1982.258;100.185
01_02_P1056;1002.196;1982.955;100.191
01_02_P1055;1002.049;1982.448;100.015
01_02_P1054;1001.969;1981.687;100
01_02_P1053;1001.804;1981.256;99.986
01_02_P1052;1001.686;1980.431;99.949
01_02_P1051;1001.131;1979.638;99.898
01_02_P1050;1001.012;1979.171;99.715
01_02_P1049;1001.481;1979.894;99.764
01_02_P1048;1001.557;1980.371;99.791
01_02_P1047;1001.701;1981.281;99.828
01_02_P1046;1001.804;1981.936;99.843
01_02_P1045;1001.637;1981.391;99.649
01_02_P1044;1001.553;1980.856;99.633
01_02_P1043;1001.316;1980.138;99.603
01_02_P1042;1000.837;1979.955;99.592
01_02_P1041;1000.596;1979.202;99.542
01_02_P1040;1000.624;1978.972;99.492
01_02_P1039;1000.665;1979.539;99.54
01_02_P1038;1000.723;1980.336;99.594
01_02_P1037;1000.781;1981.156;99.633
01_02_P1036;1000.818;1981.672;99.649
01_02_P1035;1001.033;1982.099;99.801
01_02_P1034;1000.996;1981.57;99.784
01_02_P1033;1000.943;1980.873;99.753
01_02_P1032;1000.884;1980.103;99.706
01_02_P1031;1000.831;1979.399;99.657
01_02_P1030;1001.062;1979.902;99.895
01_02_P1029;1001.116;1980.587;99.939
01_02_P1028;1001.166;1981.225;99.97
01_02_P1027;1001.236;1982.099;99.998
01_02_P1026;1001.29;1982.789;100.009
01_02_P1025;1001.545;1983.304;100.195
01_02_P1024;1001.494;1982.681;100.187
01_02_P1023;1001.44;1982.017;100.171
01_02_P1022;1001.379;1981.21;100.13
01_02_P1021;1001.318;1980.436;100.094
01_02_P1020;1000.695;1980.726;100.107
01_02_P1019;1000.77;1981.365;100.141
01_02_P1018;1000.854;1982.078;100.171
01_02_P1017;1000.952;1982.933;100.192
01_02_P1016;1001.021;1983.539;100.196
01_02_P1015;1000.708;1983.056;100.005
01_02_P1014;1000.649;1982.525;99.995
01_02_P1013;1000.585;1981.964;99.978
01_02_P1012;1000.473;1980.97;99.932
01_02_P1011;1000.388;1980.203;99.888
01_02_P1010;1000.133;1979.765;99.681
01_02_P1009;1000.187;1980.268;99.721
01_02_P1008;1000.279;1981.125;99.773
01_02_P1007;1000.375;1982.054;99.814
01_02_P1006;1000.437;1982.642;99.829
01_02_P1005;1000.185;1982.26;99.674
01_02_P1004;1000.124;1981.668;99.658
01_02_P1003;1000.041;1980.932;99.619
01_02_P1002;999.957;1980.138;99.565
01_02_P1001;999.875;1979.365;99.502
01_02_P1000;1000.809;1980.727;99.638
01_02_P999;1000.868;1981.266;99.676
01_02_P998;1000.948;1982.002;99.716
01_02_P997;1001.054;1982.993;99.751
01_02_P996;1001.126;1983.684;99.762
01_02_P995;1000.826;1983.22;99.512
01_02_P994;1000.758;1982.555;99.495
01_02_P993;1000.681;1981.824;99.463
01_02_P992;1000.602;1981.071;99.418
01_02_P991;1000.522;1980.309;99.367
01_02_P990;1000.278;1979.844;99.1
01_02_P989;1000.334;1980.404;99.15
01_02_P988;1000.411;1981.151;99.212
01_02_P987;1000.484;1981.909;99.254
01_02_P986;1000.57;1982.822;99.278
01_02_P985;1000.321;1982.425;99.066
01_02_P984;1000.252;1981.723;99.046
01_02_P983;1000.19;1981.092;99.02
01_02_P982;1000.104;1980.238;98.959
01_02_P981;1000.021;1979.456;98.858
01_02_P980;1000.736;1980.544;99.627
01_02_P979;1000.842;1981.083;99.664
01_02_P978;1000.994;1981.858;99.708
01_02_P977;1001.16;1982.714;99.739
01_02_P976;1001.284;1983.362;99.75
01_02_P975;1001.034;1982.874;99.503
01_02_P974;1000.945;1982.411;99.491
01_02_P973;1000.805;1981.673;99.462
01_02_P972;1000.626;1980.738;99.404
01_02_P971;1000.502;1980.093;99.36
01_02_P970;1000.321;1979.699;99.137
01_02_P969;1000.466;1980.468;99.202
01_02_P968;1000.601;1981.184;99.253
01_02_P967;1000.741;1981.912;99.288
01_02_P966;1000.855;1982.53;99.301
01_02_P965;1000.606;1982.045;99.054
01_02_P964;1000.448;1981.177;99.031
01_02_P963;1000.347;1980.641;99.007
01_02_P962;1000.232;1980.059;98.966
01_02_P961;1000.062;1979.215;98.867
01_02_P960;1000.741;1978.937;98.898
01_02_P959;1000.807;1979.501;98.953
01_02_P958;1000.865;1980.003;99.005
01_02_P957;1000.981;1980.938;99.074
01_02_P956;1001.058;1981.569;99.096
01_02_P955;1001.219;1981.946;99.264
01_02_P954;1001.184;1981.653;99.253
01_02_P953;1001.132;1981.227;99.235
01_02_P952;1001.02;1980.359;99.17
01_02_P951;1000.888;1979.312;98.949
01_02_P950;1001.314;1980.307;99.523
01_02_P949;1001.393;1980.927;99.584
01_02_P948;1001.488;1981.688;99.644
01_02_P947;1001.602;1982.579;99.782
01_02_P946;1001.683;1983.233;99.802
01_02_P945;1002.318;1983.059;99.792
01_02_P944;1002.307;1982.804;99.783
01_02_P943;1002.281;1982.145;99.756
01_02_P942;1002.246;1981.307;99.707
01_02_P941;1002.202;1980.176;99.623
01_02_P940;1001.218;1979.875;99.413
01_02_P939;1001.303;1980.533;99.47
01_02_P938;1001.401;1981.287;99.525
01_02_P937;1001.489;1981.97;99.561
01_02_P936;1001.593;1982.761;99.591
01_02_P935;1002.1;1982.582;99.579
01_02_P934;1002.018;1981.921;99.551
01_02_P933;1001.937;1981.276;99.517
01_02_P932;1001.874;1980.768;99.482
01_02_P931;1001.392;1979.702;99.407
01_02_P930;1000.853;1979.266;99.236
01_02_P929;1001.793;1980.057;99.3
01_02_P928;1001.863;1980.756;99.342
01_02_P927;1001.934;1981.442;99.375
01_02_P926;1001.975;1982.019;99.398
01_02_P925;1001.822;1981.467;99.148
01_02_P924;1001.758;1980.905;99.134
01_02_P923;1001.548;1980.527;99.124
01_02_P922;1001.461;1980.023;99.099
01_02_P921;1000.816;1979.053;99.02
01_02_P920;1001.133;1979.129;98.963
01_02_P919;1001.126;1979.453;98.951
01_02_P918;1001.436;1980.053;99.014
01_02_P917;1001.844;1980.852;99.067
01_02_P916;1002.064;1981.304;99.082
01_02_P915;1002.094;1981.716;99.253
01_02_P914;1001.892;1981.304;99.24
01_02_P913;1001.605;1980.723;99.211
01_02_P912;1001.303;1980.122;99.159
01_02_P911;1000.927;1979.363;99.094
01_02_P910;1002.472;1982.319;99.398
01_02_P909;1002.347;1981.815;99.359
01_02_P908;1002.229;1981.357;99.319
01_02_P907;1002.06;1980.73;99.249
01_02_P906;1001.82;1979.802;99.13
01_02_P905;1003.127;1980.012;99.4
01_02_P904;1003.123;1980.43;99.453
01_02_P903;1003.114;1981.099;99.527
01_02_P902;1003.089;1982.363;99.641
01_02_P901;1003.08;1982.95;99.682
01_02_P900;1004.099;1982.978;99.757
01_02_P899;1004.22;1982.361;99.735
01_02_P898;1004.373;1981.579;99.696
01_02_P897;1004.525;1980.799;99.643
01_02_P896;1004.664;1980.097;99.6
01_02_P895;1004.697;1979.528;99.369
01_02_P894;1004.527;1980.398;99.434
01_02_P893;1004.411;1980.986;99.423
01_02_P892;1004.262;1981.752;99.471
01_02_P891;1004.139;1982.386;99.497
01_02_P890;1004.172;1982.032;99.378
01_02_P889;1004.295;1981.43;99.362
01_02_P888;1004.45;1980.622;99.324
01_02_P887;1004.6;1979.858;99.269
01_02_P886;1004.737;1979.188;99.228
01_02_P885;1004.766;1978.626;98.964
01_02_P884;1004.651;1979.224;99.018
01_02_P883;1004.526;1979.919;99.078
01_02_P882;1004.368;1980.69;99.114
01_02_P881;1004.21;1981.477;99.139
01_02_P880;1004.995;1981.582;99.127
01_02_P879;1005.204;1980.921;99.109
01_02_P878;1005.399;1980.289;99.087
01_02_P877;1005.602;1979.587;99.032
01_02_P876;1005.851;1978.744;98.849
01_02_P875;1005.775;1979.17;99.065
01_02_P874;1005.524;1979.998;99.149
01_02_P873;1005.322;1980.668;99.213
01_02_P872;1005.108;1981.387;99.257
01_02_P871;1004.927;1981.989;99.283
01_02_P870;1004.855;1982.407;99.472
01_02_P869;1004.998;1981.936;99.454
01_02_P868;1005.226;1981.172;99.407
01_02_P867;1005.489;1980.302;99.341
01_02_P866;1005.706;1979.581;99.189
01_02_P865;1005.611;1980.187;99.549
01_02_P864;1005.404;1980.873;99.596
01_02_P863;1005.218;1981.491;99.644
01_02_P862;1004.953;1982.368;99.696
01_02_P861;1004.761;1983.007;99.755
01_02_P860;1005.155;1983.096;99.747
01_02_P859;1005.337;1982.61;99.732
01_02_P858;1005.59;1981.932;99.702
01_02_P857;1005.888;1981.128;99.652
01_02_P856;1006.142;1980.452;99.608
01_02_P855;1006.26;1979.919;99.367
01_02_P854;1006.013;1980.577;99.379
01_02_P853;1005.795;1981.167;99.424
01_02_P852;1005.526;1981.887;99.408
01_02_P851;1005.282;1982.542;99.448
01_02_P850;1005.396;1982.091;99.329
01_02_P849;1005.631;1981.476;99.315
01_02_P848;1005.78;1981.077;99.302
01_02_P847;1006.081;1980.271;99.257
01_02_P846;1006.361;1979.518;99.199
01_02_P845;1006.475;1979.103;99.017
01_02_P844;1006.266;1979.64;99.057
01_02_P843;1006.009;1980.33;99.056
01_02_P842;1005.732;1981.048;99.064
01_02_P841;1005.483;1981.696;99.091
01_02_P840;1005.997;1981.954;99.095
01_02_P839;1006.11;1981.209;99.084
01_02_P838;1006.217;1980.541;99.075
01_02_P837;1006.317;1979.742;99.037
01_02_P836;1006.378;1979.046;98.968
01_02_P835;1006.21;1979.462;99.207
01_02_P834;1006.101;1980.316;99.259
01_02_P833;1006.027;1980.899;99.221
01_02_P832;1005.929;1981.699;99.222
01_02_P831;1005.844;1982.359;99.247
01_02_P830;1005.637;1982.793;99.474
01_02_P829;1005.718;1982.195;99.46
01_02_P828;1005.803;1981.528;99.385
01_02_P827;1005.905;1980.731;99.327
01_02_P826;1006.012;1979.903;99.259
01_02_P825;1005.801;1980.408;99.528
01_02_P824;1005.715;1981.072;99.569
01_02_P823;1005.643;1981.628;99.61
01_02_P822;1005.556;1982.296;99.647
01_02_P821;1005.422;1983.29;99.731
01_02_P820;1006.13;1983.581;99.708
01_02_P819;1006.273;1982.897;99.693
01_02_P818;1006.404;1982.26;99.67
01_02_P817;1006.556;1981.521;99.632
01_02_P816;1006.709;1980.78;99.594
01_02_P815;1006.983;1980.322;99.337
01_02_P814;1006.825;1981.111;99.392
01_02_P813;1006.696;1981.753;99.373
01_02_P812;1006.534;1982.548;99.418
01_02_P811;1006.412;1983.131;99.438
01_02_P810;1006.643;1982.778;99.267
01_02_P809;1006.792;1982.061;99.286
01_02_P808;1006.914;1981.471;99.268
01_02_P807;1007.043;1980.814;99.226
01_02_P806;1007.212;1979.994;99.179
01_02_P805;1007.486;1979.527;98.922
01_02_P804;1007.349;1980.309;98.94
01_02_P803;1007.25;1980.856;98.981
01_02_P802;1007.099;1981.527;99.011
01_02_P801;1006.93;1982.315;99.029
01_02_P800;1007.528;1979.191;100.955
01_02_P799;1007.412;1979.79;101.005
01_02_P798;1007.24;1980.691;100.918
01_02_P797;1007.076;1981.52;100.996
01_02_P796;1006.959;1982.101;101.044
01_02_P795;1006.779;1982.411;101.127
01_02_P794;1006.893;1981.844;101.099
01_02_P793;1007.056;1981.021;101.047
01_02_P792;1007.216;1980.208;100.983
01_02_P791;1007.362;1979.481;100.85
01_02_P790;1007.018;1980.067;100.911
01_02_P789;1006.856;1980.886;100.989
01_02_P788;1006.717;1981.582;101.047
01_02_P787;1006.543;1982.45;101.106
01_02_P786;1006.436;1982.977;101.135
01_02_P785;1006.122;1983.52;101.164
01_02_P784;1006.237;1982.948;101.135
01_02_P783;1006.372;1982.277;101.094
01_02_P782;1006.542;1981.427;101.031
01_02_P781;1006.825;1980.68;100.963
01_02_P780;1006.169;1980.402;100.98
01_02_P779;1006.032;1981.096;101.042
01_02_P778;1005.884;1981.835;101.097
01_02_P777;1005.726;1982.618;101.146
01_02_P776;1005.593;1983.273;101.177
01_02_P775;1005.823;1982.733;101.15
01_02_P774;1005.96;1982.055;101.111
01_02_P773;1006.083;1981.443;101.069
01_02_P772;1006.251;1980.601;101
01_02_P771;1006.409;1979.81;100.926
01_02_P770;1006.603;1979.363;100.891
01_02_P769;1006.472;1980.03;100.959
01_02_P768;1006.314;1980.826;101.029
01_02_P767;1006.172;1981.536;101.082
01_02_P766;1006.019;1982.284;101.162
01_02_P765;1006.225;1981.776;101.135
01_02_P764;1006.332;1981.233;101.169
01_02_P763;1006.464;1980.556;101.142
01_02_P762;1006.636;1979.673;101.094
01_02_P761;1006.791;1978.88;101.041
01_02_P760;1006.092;1978.639;100.942
01_02_P759;1005.952;1979.359;100.915
01_02_P758;1005.796;1980.166;100.995
01_02_P757;1005.623;1981.058;101.069
01_02_P756;1005.53;1981.534;101.101
01_02_P755;1005.397;1981.989;101.119
01_02_P754;1005.492;1981.505;101.086
01_02_P753;1005.636;1980.762;101.028
01_02_P752;1005.822;1979.794;100.936
01_02_P751;1005.957;1979.101;100.863
01_02_P750;1005.814;1979.604;100.913
01_02_P749;1005.659;1980.407;100.994
01_02_P748;1005.53;1981.073;101.052
01_02_P747;1005.372;1981.885;101.112
01_02_P746;1005.248;1982.508;101.15
01_02_P745;1005.079;1983.107;101.175
01_02_P744;1005.199;1982.502;101.141
01_02_P743;1005.347;1981.742;101.089
01_02_P742;1005.499;1980.965;101.026
01_02_P741;1005.652;1980.183;100.956
01_02_P740;1004.688;1979.947;100.974
01_02_P739;1004.631;1980.568;101.031
01_02_P738;1004.567;1981.273;101.088
01_02_P737;1004.475;1982.264;101.154
01_02_P736;1004.413;1982.908;101.187
01_02_P735;1004.501;1982.413;101.165
01_02_P734;1004.548;1981.916;101.136
01_02_P733;1004.616;1981.191;101.086
01_02_P732;1004.696;1980.33;101.015
01_02_P731;1004.774;1979.495;100.937
01_02_P730;1004.852;1979.071;100.906
01_02_P729;1004.796;1979.687;100.97
01_02_P728;1004.726;1980.451;101.039
01_02_P727;1004.651;1981.253;101.1
01_02_P726;1004.579;1982.025;101.278
01_02_P725;1004.675;1981.428;101.249
01_02_P724;1004.729;1980.85;101.244
01_02_P723;1004.796;1980.118;101.229
01_02_P722;1004.876;1979.215;101.197
01_02_P721;1004.938;1978.539;101.167
01_02_P720;1003.967;1978.46;101.189
01_02_P719;1003.921;1979.143;101.222
01_02_P718;1003.873;1979.864;101.249
01_02_P717;1003.814;1980.729;101.266
01_02_P716;1003.771;1981.338;101.269
01_02_P715;1003.754;1981.872;101.291
01_02_P714;1003.794;1981.3;101.289
01_02_P713;1003.839;1980.628;101.28
01_02_P712;1003.895;1979.789;101.256
01_02_P711;1003.95;1978.968;101.224
01_02_P710;1004.024;1979.432;101.263
01_02_P709;1003.973;1980.112;101.288
01_02_P708;1003.915;1980.866;101.307
01_02_P707;1003.839;1981.857;101.315
01_02_P706;1003.802;1982.316;101.313
01_02_P705;1003.782;1982.934;101.334
01_02_P704;1003.827;1982.356;101.338
01_02_P703;1003.879;1981.68;101.337
01_02_P702;1003.956;1980.664;101.319
01_02_P701;1004.004;1980.036;101.303
01_02_P700;1003.03;1980.056;101.324
01_02_P699;1003.029;1980.923;101.346
01_02_P698;1003.028;1981.651;101.356
01_02_P697;1003.025;1982.514;101.355
01_02_P696;1003.023;1982.962;101.349
01_02_P695;1002.965;1982.375;101.328
01_02_P694;1002.968;1981.967;101.329
01_02_P693;1002.97;1981.289;101.326
01_02_P692;1002.973;1980.32;101.307
01_02_P691;1002.977;1979.441;101.281
01_02_P690;1002.94;1979.029;101.25
01_02_P689;1002.939;1979.567;101.273
01_02_P688;1002.937;1980.404;101.299
01_02_P687;1002.934;1981.331;101.311
01_02_P686;1002.93;1981.993;101.31
01_02_P685;1002.858;1981.366;101.283
01_02_P684;1002.86;1980.916;101.281
01_02_P683;1002.862;1980.335;101.272
01_02_P682;1002.864;1979.501;101.25
01_02_P681;1002.865;1978.768;101.223
01_02_P680;1001.554;1981.597;101.306
01_02_P679;1001.463;1980.968;101.303
01_02_P678;1001.37;1980.339;101.293
01_02_P677;1001.23;1979.393;101.263
01_02_P676;1001.131;1978.718;101.236
01_02_P675;1001.241;1979.122;101.257
01_02_P674;1001.341;1979.794;101.286
01_02_P673;1001.443;1980.481;101.306
01_02_P672;1001.553;1981.227;101.318
01_02_P671;1001.666;1982.008;101.319
01_02_P670;1001.833;1982.602;101.348
01_02_P669;1001.717;1981.803;101.351
01_02_P668;1001.627;1981.196;101.347
01_02_P667;1001.494;1980.293;101.328
01_02_P666;1001.402;1979.667;101.309
01_02_P665;1001.549;1980.183;101.346
01_02_P664;1001.617;1980.638;101.359
01_02_P663;1001.711;1981.276;101.372
01_02_P662;1001.852;1982.232;101.376
01_02_P661;1001.979;1983.111;101.366
01_02_P660;1001.759;1983.205;101.368
01_02_P659;1001.677;1982.412;101.375
01_02_P658;1001.619;1981.873;101.375
01_02_P657;1001.527;1981.012;101.363
01_02_P656;1001.45;1980.291;101.346
01_02_P655;1001.27;1979.788;101.314
01_02_P654;1001.363;1980.655;101.342
01_02_P653;1001.414;1981.126;101.352
01_02_P652;1001.491;1981.856;101.357
01_02_P651;1001.568;1982.598;101.353
01_02_P650;1001.393;1982.096;101.326
01_02_P649;1001.324;1981.416;101.324
01_02_P648;1001.258;1980.773;101.314
01_02_P647;1001.189;1980.09;101.293
01_02_P646;1001.105;1979.286;101.263
01_02_P645;1000.914;1978.794;101.234
01_02_P644;1000.993;1979.549;101.27
01_02_P643;1001.045;1980.035;101.287
01_02_P642;1001.133;1980.857;101.306
01_02_P641;1001.22;1981.696;101.311
01_02_P640;1000.591;1981.959;101.319
01_02_P639;1000.492;1981.162;101.312
01_02_P638;1000.409;1980.515;101.298
01_02_P637;1000.318;1979.814;101.272
01_02_P636;1000.221;1979.066;101.239
01_02_P635;1000.429;1979.495;101.267
01_02_P634;1000.525;1980.225;101.3
01_02_P633;1000.601;1980.816;101.319
01_02_P632;1000.718;1981.73;101.333
01_02_P631;1000.79;1982.299;101.334
01_02_P630;1001.034;1982.812;101.36
01_02_P629;1000.955;1982.19;101.363
01_02_P628;1000.863;1981.48;101.358
01_02_P627;1000.76;1980.69;101.342
01_02_P626;1000.673;1980.021;101.322
01_02_P625;1000.934;1980.561;101.359
01_02_P624;1001.033;1981.309;101.378
01_02_P623;1001.096;1981.796;101.386
01_02_P622;1001.214;1982.705;101.387
01_02_P621;1001.297;1983.359;101.378
01_02_P620;1000.689;1983.63;101.384
01_02_P619;1000.535;1982.936;101.392
01_02_P618;1000.419;1982.418;101.392
01_02_P617;1000.266;1981.737;101.385
01_02_P616;1000.079;1980.898;101.368
01_02_P615;999.766;1980.394;101.337
01_02_P614;999.877;1980.888;101.354
01_02_P613;1000.036;1981.603;101.37
01_02_P612;1000.249;1982.59;101.368
01_02_P611;1000.38;1983.182;101.361
01_02_P610;1000.089;1982.699;101.34
01_02_P609;999.926;1981.933;101.337
01_02_P608;999.773;1981.23;101.324
01_02_P607;999.645;1980.658;101.307
01_02_P606;999.48;1979.914;101.279
01_02_P605;999.211;1979.502;101.261
01_02_P604;999.198;1980.017;101.332
01_02_P603;999.305;1980.491;101.354
01_02_P602;999.499;1981.356;101.375
01_02_P601;999.69;1982.219;101.381
01_02_P600;1000.481;1984.24;102.889
01_02_P599;1000.186;1983.447;102.906
01_02_P598;999.894;1982.666;102.912
01_02_P597;999.503;1981.615;102.907
01_02_P596;1000.503;1981.337;102.882
01_02_P595;1000.211;1980.892;103.071
01_02_P594;1000.282;1981.372;103.083
01_02_P593;1000.391;1982.118;103.093
01_02_P592;1000.529;1983.069;103.092
01_02_P591;1000.619;1983.711;103.082
01_02_P590;1000.341;1983.299;103.256
01_02_P589;1000.255;1982.697;103.257
01_02_P588;1000.158;1982.044;103.252
01_02_P587;1000.023;1981.157;103.233
01_02_P586;999.923;1980.503;103.213
01_02_P585;999.648;1980.088;103.392
01_02_P584;999.758;1980.809;103.421
01_02_P583;999.856;1981.457;103.438
01_02_P582;999.973;1982.247;103.447
01_02_P581;1000.075;1982.963;103.445
01_02_P580;1001.406;1983.929;102.838
01_02_P579;1001.34;1983.298;102.837
01_02_P578;1001.258;1982.527;102.829
01_02_P577;1001.165;1981.678;102.808
01_02_P576;1001.099;1981.026;102.785
01_02_P575;1000.87;1980.561;102.966
01_02_P574;1000.928;1981.091;102.989
01_02_P573;1001.013;1981.883;103.014
01_02_P572;1001.109;1982.78;103.029
01_02_P571;1001.168;1983.363;103.031
01_02_P570;1000.952;1982.932;103.2
01_02_P569;1000.816;1981.644;103.176
01_02_P568;1000.889;1982.322;103.191
01_02_P567;1000.724;1980.829;103.142
01_02_P566;1000.647;1980.134;103.108
01_02_P565;1000.432;1979.699;103.276
01_02_P564;1000.478;1980.113;103.301
01_02_P563;1000.552;1980.781;103.334
01_02_P562;1000.672;1981.881;103.369
01_02_P561;1000.725;1982.487;103.388
01_02_P560;1001.33;1982.202;103.359
01_02_P559;1001.245;1981.599;103.343
01_02_P558;1001.144;1980.886;103.318
01_02_P557;1001.022;1980.029;103.275
01_02_P556;1000.927;1979.366;103.236
01_02_P555;1001.093;1979.841;103.071
01_02_P554;1001.155;1980.269;103.097
01_02_P553;1001.278;1981.131;103.138
01_02_P552;1001.404;1982.047;103.167
01_02_P551;1001.498;1982.737;103.181
01_02_P550;1001.65;1983.17;103.014
01_02_P549;1001.565;1982.546;103.005
01_02_P548;1001.458;1981.767;102.986
01_02_P547;1001.352;1980.99;102.957
01_02_P546;1001.257;1980.304;102.926
01_02_P545;1001.434;1980.823;102.743
01_02_P544;1001.494;1981.25;102.762
01_02_P543;1001.634;1982.278;102.795
01_02_P542;1001.736;1983.032;102.807
01_02_P541;1001.822;1983.675;102.811
01_02_P540;1002.453;1983.496;102.799
01_02_P539;1002.385;1982.978;102.794
01_02_P538;1002.281;1982.204;102.78
01_02_P537;1002.173;1981.397;102.755
01_02_P536;1002.074;1980.648;102.726
01_02_P535;1001.974;1979.996;102.948
01_02_P534;1002.043;1980.5;102.974
01_02_P533;1002.147;1981.279;103.006
01_02_P532;1002.271;1982.218;103.031
01_02_P531;1002.359;1982.893;103.04
01_02_P530;1002.286;1982.441;103.199
01_02_P529;1002.216;1981.919;103.187
01_02_P528;1002.128;1981.262;103.167
01_02_P527;1002.044;1980.635;103.141
01_02_P526;1001.959;1980.002;103.11
01_02_P525;1001.882;1979.624;103.25
01_02_P524;1001.888;1979.67;103.254
01_02_P523;1001.984;1980.368;103.29
01_02_P522;1002.12;1981.364;103.328
01_02_P521;1002.21;1982.039;103.343
01_02_P520;1003.211;1981.32;103.309
01_02_P519;1003.2;1980.704;103.288
01_02_P518;1003.188;1979.983;103.255
01_02_P517;1003.173;1979.227;103.216
01_02_P516;1003.22;1981.926;103.327
01_02_P515;1003.226;1982.394;103.156
01_02_P514;1003.219;1981.914;103.146
01_02_P513;1003.208;1981.247;103.126
01_02_P512;1003.189;1980.243;103.083
01_02_P511;1003.177;1979.501;103.045
01_02_P510;1003.201;1979.993;102.89
01_02_P509;1003.21;1980.604;102.921
01_02_P508;1003.221;1981.326;102.95
01_02_P507;1003.234;1982.239;102.975
01_02_P506;1003.24;1982.861;102.984
01_02_P505;1003.25;1983.425;102.777
01_02_P504;1003.243;1982.852;102.771
01_02_P503;1003.235;1982.303;102.762
01_02_P502;1003.221;1981.354;102.734
01_02_P501;1003.21;1980.533;102.702
01_02_P500;1004.537;1980.576;102.676
01_02_P499;1004.437;1981.308;102.71
01_02_P498;1004.333;1982.065;102.736
01_02_P497;1004.215;1982.924;102.755
01_02_P496;1004.14;1983.455;102.76
01_02_P495;1004.216;1982.896;102.963
01_02_P494;1004.288;1982.381;102.953
01_02_P493;1004.39;1981.639;102.932
01_02_P492;1004.494;1980.887;102.902
01_02_P491;1004.597;1980.146;102.866
01_02_P490;1004.656;1979.699;103.013
01_02_P489;1004.562;1980.391;103.052
01_02_P488;1004.467;1981.091;103.084
01_02_P487;1004.358;1981.886;103.11
01_02_P486;1004.277;1982.461;103.123
01_02_P485;1004.345;1981.885;103.328
01_02_P484;1004.415;1981.367;103.314
01_02_P483;1004.501;1980.717;103.289
01_02_P482;1004.618;1979.841;103.245
01_02_P481;1004.724;1979.056;103.197
01_02_P480;1005.849;1979.251;103.174
01_02_P479;1005.689;1980.037;103.226
01_02_P478;1005.531;1980.814;103.267
01_02_P477;1005.398;1981.462;103.294
01_02_P476;1005.277;1982.044;103.311
01_02_P475;1005.15;1982.483;103.142
01_02_P474;1005.292;1981.785;103.122
01_02_P473;1005.432;1981.094;103.094
01_02_P472;1005.589;1980.322;103.054
01_02_P471;1005.732;1979.621;103.012
01_02_P470;1005.591;1980.157;102.845
01_02_P469;1005.456;1980.812;102.882
01_02_P468;1005.3;1981.572;102.916
01_02_P467;1005.124;1982.422;102.943
01_02_P466;1004.997;1983.025;102.956
01_02_P465;1004.834;1983.592;102.743
01_02_P464;1004.972;1982.931;102.733
01_02_P463;1005.1;1982.314;102.717
01_02_P462;1005.273;1981.473;102.687
01_02_P461;1005.433;1980.706;102.653
01_02_P460;1005.602;1980.792;102.643
01_02_P459;1005.488;1981.513;102.677
01_02_P458;1005.402;1982.061;102.698
01_02_P457;1005.225;1983.164;102.726
01_02_P456;1005.137;1983.71;102.733
01_02_P455;1005.348;1983.198;102.928
01_02_P454;1005.459;1982.5;102.913
01_02_P453;1005.557;1981.888;102.894
01_02_P452;1005.695;1981.025;102.857
01_02_P451;1005.808;1980.328;102.818
01_02_P450;1006.033;1979.769;103.004
01_02_P449;1005.921;1980.479;103.051
01_02_P448;1005.783;1981.35;103.095
01_02_P447;1005.657;1982.141;103.123
01_02_P446;1005.579;1982.629;103.135
01_02_P445;1005.73;1982.237;103.287
01_02_P444;1005.841;1981.491;103.262
01_02_P443;1005.942;1980.812;103.232
01_02_P442;1006.05;1980.104;103.193
01_02_P441;1006.17;1979.317;103.142
01_02_P440;1007.359;1979.775;103.11
01_02_P439;1007.192;1980.502;103.162
01_02_P438;1007.017;1981.259;103.209
01_02_P437;1006.836;1982.044;103.245
01_02_P436;1006.694;1982.653;103.264
01_02_P435;1006.504;1982.962;103.133
01_02_P434;1006.664;1982.269;103.111
01_02_P433;1006.831;1981.544;103.079
01_02_P432;1006.98;1980.901;103.044
01_02_P431;1007.149;1980.174;102.998
01_02_P430;1006.84;1980.686;102.816
01_02_P429;1006.527;1982.025;102.888
01_02_P428;1006.527;1982.025;102.888
01_02_P427;1006.338;1982.836;102.916
01_02_P426;1006.185;1983.481;102.932
01_02_P425;1005.872;1983.995;102.719
01_02_P424;1005.988;1983.499;102.711
01_02_P423;1006.151;1982.796;102.694
01_02_P422;1006.336;1982.005;102.664
01_02_P421;1006.539;1981.142;102.624
01_02_P420;1007.617;1981.709;102.592
01_02_P419;1007.374;1982.437;102.632
01_02_P418;1007.125;1983.184;102.664
01_02_P417;1006.908;1983.833;102.684
01_02_P416;1006.693;1984.474;102.696
01_02_P415;1007.076;1984.067;102.915
01_02_P414;1007.246;1983.56;102.906
01_02_P413;1007.487;1982.837;102.887
01_02_P412;1007.739;1982.078;102.856
01_02_P411;1008.014;1981.27;102.815
01_02_P410;1008.403;1980.843;102.995
01_02_P409;1008.154;1981.594;103.04
01_02_P408;1007.946;1982.26;102.858
01_02_P407;1007.69;1983.036;102.931
01_02_P406;1007.498;1983.609;102.978
01_02_P405;1007.76;1983.314;103.319
01_02_P404;1007.999;1982.584;103.318
01_02_P403;1008.182;1982.032;103.312
01_02_P402;1008.421;1981.311;103.293
01_02_P401;1008.681;1980.538;103.264
01_02_P400;1008.003;1981.348;104.383
01_02_P399;1007.749;1982.093;104.469
01_02_P398;1007.525;1982.758;104.538
01_02_P397;1007.26;1983.549;104.608
01_02_P396;1007.075;1984.104;104.65
01_02_P395;1006.839;1984.355;104.371
01_02_P394;1007.008;1983.844;104.333
01_02_P393;1007.247;1983.126;104.274
01_02_P392;1007.501;1982.37;104.199
01_02_P391;1007.759;1981.602;104.118
01_02_P390;1007.436;1981.957;103.763
01_02_P389;1007.22;1982.591;103.831
01_02_P388;1006.98;1983.298;103.897
01_02_P387;1006.709;1984.107;103.96
01_02_P386;1006.498;1984.729;104.003
01_02_P385;1006.165;1985.076;103.623
01_02_P384;1006.364;1984.479;103.586
01_02_P383;1006.569;1983.861;103.543
01_02_P382;1006.868;1982.969;103.468
01_02_P381;1007.099;1982.279;103.404
01_02_P380;1006.183;1981.775;103.422
01_02_P379;1005.992;1982.472;103.488
01_02_P378;1005.812;1983.134;103.543
01_02_P377;1005.591;1983.941;103.6
01_02_P376;1005.401;1984.628;103.641
01_02_P375;1005.621;1984.241;103.993
01_02_P374;1005.773;1983.693;103.956
01_02_P373;1005.94;1983.086;103.91
01_02_P372;1006.161;1982.283;103.84
01_02_P371;1006.396;1981.439;103.757
01_02_P370;1006.624;1981.014;104.117
01_02_P369;1006.427;1981.734;104.195
01_02_P368;1006.242;1982.417;104.261
01_02_P367;1006.014;1983.253;104.33
01_02_P366;1005.847;1983.846;104.482
01_02_P365;1006.023;1983.513;104.785
01_02_P364;1006.173;1982.955;104.772
01_02_P363;1006.355;1982.283;104.75
01_02_P362;1006.586;1981.431;104.711
01_02_P361;1006.781;1980.718;104.672
01_02_P360;1005.735;1980.382;104.701
01_02_P359;1005.632;1980.978;104.735
01_02_P358;1005.504;1981.721;104.769
01_02_P357;1005.367;1982.517;104.794
01_02_P356;1005.242;1983.228;104.808
01_02_P355;1005.111;1983.573;104.506
01_02_P354;1005.189;1983.129;104.498
01_02_P353;1005.294;1982.519;104.484
01_02_P352;1005.466;1981.526;104.448
01_02_P351;1005.587;1980.83;104.416
01_02_P350;1005.442;1981.252;104.085
01_02_P349;1005.31;1982.004;104.118
01_02_P348;1005.21;1982.571;104.136
01_02_P347;1005.091;1983.252;104.151
01_02_P346;1004.964;1983.956;104.16
01_02_P345;1004.8;1984.393;103.784
01_02_P344;1004.871;1983.978;103.781
01_02_P343;1004.964;1983.451;103.774
01_02_P342;1005.132;1982.488;103.751
01_02_P341;1005.282;1981.636;103.721
01_02_P340;1005.038;1981.104;104.085
01_02_P339;1004.907;1981.845;104.116
01_02_P338;1004.774;1982.595;104.138
01_02_P337;1004.65;1983.294;104.152
01_02_P336;1004.544;1983.886;104.156
01_02_P335;1004.735;1983.058;104.834
01_02_P334;1004.818;1982.586;104.825
01_02_P333;1004.9;1982.114;104.812
01_02_P332;1005.073;1981.118;104.774
01_02_P331;1005.218;1980.283;104.733
01_02_P330;1005.14;1980.66;104.429
01_02_P329;1005.02;1981.354;104.463
01_02_P328;1004.924;1981.907;104.485
01_02_P327;1004.769;1982.797;104.51
01_02_P326;1004.651;1983.456;104.52
01_02_P325;1004.742;1983.044;104.866
01_02_P324;1004.837;1982.509;104.855
01_02_P323;1004.907;1982.114;105.14
01_02_P322;1005.07;1981.18;105.192
01_02_P321;1005.213;1980.366;105.229
01_02_P320;1004.29;1980.253;105.252
01_02_P319;1004.227;1980.818;105.229
01_02_P318;1004.149;1981.504;105.194
01_02_P317;1004.049;1982.381;105.138
01_02_P316;1003.976;1983.005;105.09
01_02_P315;1003.944;1983.332;104.818
01_02_P314;1004.02;1982.67;104.869
01_02_P313;1004.079;1982.153;104.905
01_02_P312;1004.178;1981.267;104.957
01_02_P311;1004.272;1980.449;104.997
01_02_P310;1004.244;1981.014;104.575
01_02_P309;1004.168;1981.67;104.542
01_02_P308;1004.079;1982.426;104.495
01_02_P307;1003.981;1983.258;104.432
01_02_P306;1003.906;1983.877;104.379
01_02_P305;1003.861;1984.339;104
01_02_P304;1003.913;1983.914;104.039
01_02_P303;1003.988;1983.279;104.093
01_02_P302;1004.103;1982.32;104.163
01_02_P301;1004.204;1981.475;104.216
01_02_P300;1003.066;1981.472;104.237
01_02_P299;1003.081;1982.024;104.203
01_02_P298;1003.102;1982.81;104.148
01_02_P297;1003.125;1983.714;104.073
01_02_P296;1003.141;1984.367;104.011
01_02_P295;1003.12;1983.907;104.385
01_02_P294;1003.109;1983.44;104.425
01_02_P293;1003.089;1982.622;104.49
01_02_P292;1003.068;1981.811;104.543
01_02_P291;1003.05;1981.021;104.588
01_02_P290;1003.022;1980.59;104.914
01_02_P289;1003.037;1981.099;104.892
01_02_P288;1003.054;1981.717;104.857
01_02_P287;1003.079;1982.629;104.795
01_02_P286;1003.099;1983.47;104.726
01_02_P285;1003.065;1982.99;105.118
01_02_P284;1003.046;1982.267;105.174
01_02_P283;1003.024;1981.52;105.223
01_02_P282;1003.006;1980.872;105.259
01_02_P281;1002.984;1980.116;105.296
01_02_P280;1002.02;1980.243;105.312
01_02_P279;1002.103;1981.007;105.278
01_02_P278;1002.149;1981.424;105.256
01_02_P277;1002.235;1982.202;105.205
01_02_P276;1002.334;1983.12;105.133
01_02_P275;1002.413;1983.548;104.769
01_02_P274;1002.346;1982.93;104.819
01_02_P273;1002.269;1982.242;104.87
01_02_P272;1002.177;1981.408;104.92
01_02_P271;1002.095;1980.649;104.96
01_02_P270;1002.202;1981.107;104.613
01_02_P269;1002.264;1981.693;104.581
01_02_P268;1002.34;1982.402;104.536
01_02_P267;1002.425;1983.205;104.473
01_02_P266;1002.505;1983.976;104.404
01_02_P265;1002.592;1984.458;104
01_02_P264;1002.545;1984.007;104.044
01_02_P263;1002.463;1983.232;104.111
01_02_P262;1002.374;1982.403;104.173
01_02_P261;1002.288;1981.582;104.228
01_02_P260;1001.891;1981.736;104.223
01_02_P259;1001.959;1982.533;104.175
01_02_P258;1002.003;1983.053;104.138
01_02_P257;1002.074;1983.884;104.071
01_02_P256;1002.136;1984.633;104.001
01_02_P255;1001.959;1984.153;104.421
01_02_P254;1001.904;1983.497;104.476
01_02_P253;1001.858;1982.955;104.517
01_02_P252;1001.783;1982.09;104.572
01_02_P251;1001.71;1981.229;104.618
01_02_P250;1001.567;1980.862;104.91
01_02_P249;1001.621;1981.471;104.884
01_02_P248;1001.688;1982.225;104.845
01_02_P247;1001.769;1983.169;104.779
01_02_P246;1001.823;1983.794;104.729
01_02_P245;1001.65;1983.339;105.129
01_02_P244;1001.605;1982.809;105.168
01_02_P243;1001.565;1982.342;105.199
01_02_P242;1001.479;1981.396;105.252
01_02_P241;1001.391;1980.428;105.294
01_02_P240;1000.619;1980.842;105.273
01_02_P239;1000.67;1981.392;105.258
01_02_P238;1000.729;1982.054;105.232
01_02_P237;1000.801;1982.844;105.192
01_02_P236;1000.882;1983.77;105.131
01_02_P235;1001.14;1984.196;104.714
01_02_P234;1001.093;1983.657;104.752
01_02_P233;1001.032;1982.99;104.793
01_02_P232;1000.955;1982.174;104.834
01_02_P231;1000.865;1981.237;104.87
01_02_P230;1001.104;1981.572;104.584
01_02_P229;1001.16;1982.213;104.556
01_02_P228;1001.217;1982.867;104.522
01_02_P227;1001.289;1983.706;104.467
01_02_P226;1001.359;1984.534;104.4
01_02_P225;1001.578;1984.92;104.024
01_02_P224;1001.528;1984.392;104.069
01_02_P223;1001.475;1983.845;104.113
01_02_P222;1001.383;1982.926;104.175
01_02_P221;1001.293;1982.014;104.227
01_02_P220;1000.746;1982.373;104.199
01_02_P219;1000.821;1982.955;104.173
01_02_P218;1000.89;1983.506;104.142
01_02_P217;1001.013;1984.476;104.078
01_02_P216;1001.231;1985.2;104.01
01_02_P215;1000.938;1984.878;104.371
01_02_P214;1000.896;1984.192;104.416
01_02_P213;1000.857;1983.599;104.449
01_02_P212;1000.811;1982.923;104.48
01_02_P211;1000.748;1982.002;104.513
01_02_P210;1000.556;1981.69;104.807
01_02_P209;1000.592;1982.274;104.799
01_02_P208;1000.638;1983.156;104.771
01_02_P207;1000.675;1983.935;104.734
01_02_P206;1000.702;1984.568;104.696
01_02_P205;1000.537;1984.297;104.985
01_02_P204;1000.533;1983.792;105.009
01_02_P203;1000.523;1983.086;105.036
01_02_P202;1000.502;1982.045;105.062
01_02_P201;1000.49;1981.389;105.07
01_02_P200;1001.341;1982.763;104.424
01_02_P199;1001.399;1983.417;104.421
01_02_P198;1001.457;1984.073;104.412
01_02_P197;1001.523;1984.806;104.393
01_02_P196;1001.597;1985.669;104.362
01_02_P195;1001.358;1985.405;104.803
01_02_P194;1001.308;1984.845;104.82
01_02_P193;1001.247;1984.192;104.834
01_02_P192;1001.172;1983.377;104.844
01_02_P191;1001.088;1982.469;104.844
01_02_P190;1000.829;1982.207;105.251
01_02_P189;1000.901;1982.893;105.261
01_02_P188;1000.972;1983.618;105.26
01_02_P187;1001.037;1984.294;105.251
01_02_P186;1001.118;1985.156;105.229
01_02_P185;1000.897;1984.92;105.628
01_02_P184;1000.841;1984.345;105.64
01_02_P183;1000.769;1983.652;105.648
01_02_P182;1000.688;1982.872;105.647
01_02_P181;1000.6;1981.998;105.637
01_02_P180;1001.812;1982.474;104.43
01_02_P179;1001.853;1983.112;104.425
01_02_P178;1001.904;1983.887;104.41
01_02_P177;1001.958;1984.736;104.384
01_02_P176;1001.998;1985.391;104.356
01_02_P175;1001.809;1985.079;104.807
01_02_P174;1001.769;1984.463;104.828
01_02_P173;1001.732;1983.901;104.843
01_02_P172;1001.683;1983.157;104.855
01_02_P171;1001.618;1982.174;104.861
01_02_P170;1001.407;1981.854;105.292
01_02_P169;1001.464;1982.61;105.297
01_02_P168;1001.513;1983.316;105.291
01_02_P167;1001.56;1983.965;105.279
01_02_P166;1001.605;1984.642;105.26
01_02_P165;1001.442;1984.378;105.647
01_02_P164;1001.401;1983.788;105.661
01_02_P163;1001.36;1983.238;105.67
01_02_P162;1001.293;1982.305;105.675
01_02_P161;1001.237;1981.54;105.67
01_02_P160;1001.695;1984.256;105.621
01_02_P159;1001.615;1983.634;105.631
01_02_P158;1001.529;1982.985;105.637
01_02_P157;1001.413;1982.132;105.634
01_02_P156;1001.31;1981.344;105.623
01_02_P155;1001.461;1981.662;105.208
01_02_P154;1001.526;1982.155;105.216
01_02_P153;1001.626;1982.904;105.22
01_02_P152;1001.747;1983.833;105.211
01_02_P151;1001.84;1984.569;105.196
01_02_P150;1001.978;1984.868;104.794
01_02_P149;1001.881;1984.092;104.813
01_02_P148;1001.809;1983.535;104.823
01_02_P147;1001.724;1982.866;104.828
01_02_P146;1001.625;1982.089;104.828
01_02_P145;1001.778;1982.426;104.391
01_02_P144;1001.859;1983.055;104.39
01_02_P143;1001.955;1983.808;104.382
01_02_P142;1002.045;1984.517;104.365
01_02_P141;1002.123;1985.197;104.292
01_02_P140;1002.497;1985.031;104.286
01_02_P139;1002.41;1984.464;104.29
01_02_P138;1002.322;1983.903;104.291
01_02_P137;1002.19;1983.065;104.282
01_02_P136;1002.061;1982.236;104.266
01_02_P135;1001.982;1981.86;104.691
01_02_P134;1002.071;1982.427;104.711
01_02_P133;1002.17;1983.059;104.727
01_02_P132;1002.314;1983.984;104.738
01_02_P131;1002.411;1984.62;104.738
01_02_P130;1002.383;1984.241;105.185
01_02_P129;1002.29;1983.6;105.177
01_02_P128;1002.189;1982.916;105.164
01_02_P127;1002.093;1982.265;105.145
01_02_P126;1001.983;1981.513;105.116
01_02_P125;1001.901;1981.189;105.529
01_02_P124;1001.978;1981.7;105.552
01_02_P123;1002.087;1982.434;105.578
01_02_P122;1002.213;1983.279;105.595
01_02_P121;1002.315;1983.987;105.601
01_02_P120;1002.652;1983.914;105.595
01_02_P119;1002.56;1983.331;105.588
01_02_P118;1002.461;1982.716;105.577
01_02_P117;1002.336;1981.93;105.556
01_02_P116;1002.221;1981.207;105.528
01_02_P115;1002.259;1981.587;105.075
01_02_P114;1002.338;1982.084;105.095
01_02_P113;1002.444;1982.746;105.115
01_02_P112;1002.567;1983.513;105.128
01_02_P111;1002.686;1984.273;105.134
01_02_P110;1002.735;1984.656;104.664
01_02_P109;1002.632;1983.99;104.663
01_02_P108;1002.52;1983.278;104.656
01_02_P107;1002.402;1982.528;104.64
01_02_P106;1002.303;1981.894;104.623
01_02_P105;1002.341;1982.22;104.237
01_02_P104;1002.433;1982.806;104.252
01_02_P103;1002.527;1983.406;104.264
01_02_P102;1002.649;1984.184;104.269
01_02_P101;1002.773;1984.982;104.266
01_02_P100;1004.017;1984.925;104.243
01_02_P99;1004.072;1984.346;104.242
01_02_P98;1004.13;1983.724;104.236
01_02_P97;1004.202;1982.951;104.221
01_02_P96;1004.275;1982.173;104.199
01_02_P95;1004.358;1981.802;104.645
01_02_P94;1004.29;1982.52;104.671
01_02_P93;1004.227;1983.186;104.688
01_02_P92;1004.161;1983.889;104.698
01_02_P91;1004.099;1984.533;104.7
01_02_P90;1004.171;1984.141;105.174
01_02_P89;1004.231;1983.479;105.164
01_02_P88;1004.297;1982.74;105.147
01_02_P87;1004.363;1982.013;105.122
01_02_P86;1004.237;1981.408;105.1
01_02_P85;1004.287;1981.149;105.42
01_02_P84;1004.247;1981.903;105.454
01_02_P83;1004.216;1982.475;105.473
01_02_P82;1004.181;1983.15;105.488
01_02_P81;1004.142;1983.883;105.497
01_02_P80;1005.115;1984.103;105.473
01_02_P79;1005.196;1983.533;105.463
01_02_P78;1005.306;1982.745;105.443
01_02_P77;1005.418;1981.952;105.413
01_02_P76;1005.511;1981.308;105.369
01_02_P75;1005.389;1981.564;105.039
01_02_P74;1005.304;1982.16;105.07
01_02_P73;1005.198;1982.915;105.101
01_02_P72;1005.084;1983.729;105.122
01_02_P71;1004.994;1984.36;105.132
01_02_P70;1004.844;1984.701;104.686
01_02_P69;1004.944;1984.012;104.677
01_02_P68;1005.035;1983.376;104.664
01_02_P67;1005.147;1982.602;104.64
01_02_P66;1004.89;1981.872;104.615
01_02_P65;1004.714;1982.222;104.175
01_02_P64;1004.667;1982.888;104.199
01_02_P63;1004.622;1983.545;104.216
01_02_P62;1004.558;1984.479;104.228
01_02_P61;1004.519;1985.063;104.23
01_02_P60;1005.043;1985.239;104.21
01_02_P59;1005.144;1984.606;104.205
01_02_P58;1005.253;1983.907;104.193
01_02_P57;1005.378;1983.112;104.171
01_02_P56;1005.489;1982.411;104.145
01_02_P55;1005.708;1982.092;104.588
01_02_P54;1005.589;1982.84;104.621
01_02_P53;1005.47;1983.588;104.645
01_02_P52;1005.342;1984.392;104.661
01_02_P51;1005.267;1984.866;104.666
01_02_P50;1005.472;1984.556;105.102
01_02_P49;1005.572;1983.916;105.088
01_02_P48;1005.684;1983.205;105.067
01_02_P47;1005.805;1982.45;105.036
01_02_P46;1005.907;1981.813;105.004
01_02_P45;1006.084;1981.565;105.239
01_02_P44;1005.954;1982.368;105.3
01_02_P43;1005.847;1983.031;105.343
01_02_P42;1005.725;1983.804;105.382
01_02_P41;1005.648;1984.325;105.404
01_02_P40;1006.089;1984.63;105.391
01_02_P39;1006.219;1983.853;105.355
01_02_P38;1006.338;1983.162;105.315
01_02_P37;1006.465;1982.432;105.266
01_02_P36;1006.567;1981.849;105.222
01_02_P35;1006.319;1982.108;104.828
01_02_P34;1006.153;1983.053;104.896
01_02_P33;1006.064;1983.572;104.927
01_02_P32;1005.936;1984.332;104.964
01_02_P31;1005.853;1984.843;104.983
01_02_P30;1005.644;1985.081;104.601
01_02_P29;1005.772;1984.323;104.573
01_02_P28;1005.876;1983.702;104.544
01_02_P27;1006.001;1982.962;104.502
01_02_P26;1005.707;1982.29;104.471
01_02_P25;1005.442;1982.566;104.054
01_02_P24;1005.363;1983.518;104.107
01_02_P23;1005.304;1984.247;104.138
01_02_P22;1005.258;1984.824;104.156
01_02_P21;1005.213;1985.387;104.17
01_02_P20;1005.627;1985.625;104.159
01_02_P19;1005.765;1984.769;104.133
01_02_P18;1005.881;1984.046;104.103
01_02_P17;1005.996;1983.342;104.066
01_02_P16;1006.094;1982.739;104.031
01_02_P15;1006.382;1982.503;104.445
01_02_P14;1006.005;1983.572;104.522
01_02_P13;1005.936;1984.172;104.551
01_02_P12;1005.865;1984.808;104.575
01_02_P11;1005.805;1985.356;104.592
01_02_P10;1006.095;1985.121;105.018
01_02_P9;1006.217;1984.144;104.972
01_02_P8;1006.296;1983.506;104.935
01_02_P7;1006.362;1982.977;104.901
01_02_P6;1006.432;1982.416;104.861
01_02_P5;1005.89;1982.173;105.289
01_02_P4;1005.932;1983.234;105.365
01_02_P3;1005.953;1983.745;105.395
01_02_P2;1005.982;1984.392;105.425
01_02_P1;1006.013;1985.013;105.447
M5_01_02;1002.361;1988.591;98.347
M3_01_02;1002.262;1994.33;98.954
M1_01_02;1004.654;1988.943;98.836
